username,name,url_main,url_user,exists,http_status,response_time_s
79182469659,BoardGameGeek,https://boardgamegeek.com/,https://boardgamegeek.com/user/79182469659,Claimed,200,1.3438915900005668
79182469659,Chess,https://www.chess.com/,https://www.chess.com/member/79182469659,Claimed,200,2.006704636001814
79182469659,Cults3D,https://cults3d.com/en,https://cults3d.com/en/users/79182469659/creations,Claimed,403,2.676806340998155
79182469659,GaiaOnline,https://www.gaiaonline.com/,https://www.gaiaonline.com/profiles/79182469659,Claimed,200,4.621361982000963
79182469659,Gravatar,http://en.gravatar.com/,http://en.gravatar.com/79182469659,Claimed,200,5.834262977998151
79182469659,OurDJTalk,https://ourdjtalk.com/,https://ourdjtalk.com/members?username=79182469659,Claimed,415,8.186744204998831
79182469659,Polymart,https://polymart.org/,https://polymart.org/user/79182469659,Claimed,200,9.052637790999142
79182469659,Trovo,https://trovo.live,https://trovo.live/s/79182469659/,Claimed,200,11.298126162000699
79182469659,Wikipedia,https://www.wikipedia.org/,https://en.wikipedia.org/wiki/Special:CentralAuth/79182469659?uselang=qqx,Claimed,403,11.974559720001707
79182469659,YouTube,https://www.youtube.com/,https://www.youtube.com/@79182469659,Claimed,200,12.397309934000077
79182469659,minds,https://www.minds.com,https://www.minds.com/79182469659/,Claimed,502,15.210154346998024
